{"version":35,"hash":{"type":"Buffer","data":"CD3xqPFnitypXGwL+BvJovkeR/QCSqy8OnZHtzj9oFaOACM7IbQhcv+QvB/WxN+UJP+1bvdxDCof9166IIqQkElbZ9bkvKnPhgJTgSXAIQ62VtmQghIQaecNM+yvHi/Xlc2kkIu0GuHBh3xTvcXPznJRCvlUILC1PTcMNYwSH6A="},"indexValueMap":{"IaWOuNNjInKuwCj/PdMgQWaHuVesjYoUv8A/AIXq1XU=":{"valueMac":{"type":"Buffer","data":"Cd3hGG+ezlJIA3h1q/Ks2njyv4sO3bmY8xYMnyN9ONs="}},"Smr2QNTpw2GFikXH1GDqWf4KadVP8Ypqbh/EMo7H/4U=":{"valueMac":{"type":"Buffer","data":"XOFVB/CrXhYQPhf3oauyFgUmKG453/JuaHZj7ZmUW4U="}},"VpLhorZDsKagi4N0yFfeRt5Yd037ah2lSvhGMJ5FiLQ=":{"valueMac":{"type":"Buffer","data":"y6pUnvZ2aDsW0v9DU/0ZD3wMHAsk5fFmfMDqDIj9zFE="}},"Z+cqg+Z16um7A6OFtyFcrgxYxI+OAWlMwWOysXsX7Dg=":{"valueMac":{"type":"Buffer","data":"eOrPtYzg2SKJgibcxLD6N0gvwLcdcnMA/L7tqCH0qS4="}},"bHZ4QLw1JELXZh7WE3JNq3OrOAV23ar1FlviXK+tL20=":{"valueMac":{"type":"Buffer","data":"ULxwH7RXqOvMFSwtX3uLbIv8eeOo+NKesStSJYwL0d0="}},"cICxuoq/g3wGvLZJxWfZVGMQLDbC/4Eu0F9G4LtMQ/o=":{"valueMac":{"type":"Buffer","data":"p5OHzL+cQbfgbJdVV0wtHj7/YjIsawQ06Nb5GznffPE="}},"dmKtKBfnjJgwNjZ595cnTvviF76NPj+cnIdjrmu4LJ0=":{"valueMac":{"type":"Buffer","data":"Wux4H3NhthIuP8LY4Rbm+kGL0HgVTbopmcyrRtp/6qQ="}},"h/1M4QBC7UZofY8nd5BfmhChr7MKiHaT/7RnIY9F2/I=":{"valueMac":{"type":"Buffer","data":"INiZbOHzK1JeuayM4aDOB7p1BVnwxilDCu0/4m/C+O8="}},"ruMIZ2cgC+h0SJhQScFcq/lroiTEmMIt8v5B2qdfGTM=":{"valueMac":{"type":"Buffer","data":"cztq3pKmze9EKSjUSOV/d+InKeIVEjE3WNSTRLz3mKs="}},"tCRfh+QDnkYzjsph1q3D19Uxz8LC7ArbXWrT7U1VBKc=":{"valueMac":{"type":"Buffer","data":"q+Yt2yKeEedDpwmneuPUVTVK1l+ZotX3IxFWE/BHMD8="}},"z09R7M7+3k7Vr93LVDxUVhaq6+bXriEw9T1tlPNSiL8=":{"valueMac":{"type":"Buffer","data":"jkeIw4j8H+obNCiguR1FkfP8nd3xBRxrLOz4pL5TwuE="}},"8fYp8dCtJTBfBWMJp5gA1bTdYn9XerrGqxHX9nq47vI=":{"valueMac":{"type":"Buffer","data":"M28N4Ze9WXxC6CEJELvAIDPf6GWXc9uJaKbxeKhprak="}},"SNrWWbPbGiba7PQGe/FJcijIxa/CWFksF6S4UOxseeQ=":{"valueMac":{"type":"Buffer","data":"eS5IQWqaYnF5c3fRx/tEbfjgYyz4k6d8WdZMIS82qYU="}},"8YGf2/fbGfxZ395++p/nAnJxoOKdi72NkWRbZLgtJsk=":{"valueMac":{"type":"Buffer","data":"HUnuS3nEIS6jGepQDWoxGE9SHhk9BzDv3Srfm1IX2PQ="}},"nHof7ipH9d2hemtvsmFPXUSEPoddrJkS8JqdcDrAvns=":{"valueMac":{"type":"Buffer","data":"7jG7hiPJ6EqvErruhspU3W56c9K0DRAZDXH946GPXHg="}},"aWo1RTsOCVeHBoPB55NPkZLjEXdXhjNbhY8YO9meBg8=":{"valueMac":{"type":"Buffer","data":"2RCE6x1h4umd4TtUkxjeNy3C9UU0+1KiBNlnkqlun1k="}},"AcT5qXZFJPs05DaFT71d4yEMjU6DX2o+TjI9R1rv58o=":{"valueMac":{"type":"Buffer","data":"ext6sKlIXterwxNy0EBHNB9o8gBue+SnDlNEXBXtP38="}},"Q3u8r00kbQ+fyCyIQpxHZHSJvZ7VSdItYSOFcFN3Ss8=":{"valueMac":{"type":"Buffer","data":"jfZkZJew7ttPgwhI2l7F3AWntR93+yptfSjB5HSfCnM="}},"1NIQPasgPq/9WdPhxYkVrmim2zwO5cSBm+9X9wTacbg=":{"valueMac":{"type":"Buffer","data":"f2JZIW2IOVACiEouZ3lZ68zRNe8v9b0j0L55tTuSBAY="}},"xiMOh0ukerb+2Y711fWZz9Mg40+m848ehfZ5ZScamZ0=":{"valueMac":{"type":"Buffer","data":"2vgSLmbMz4pAWi5GxUj7GEpIaeJoqqLd4TVd52R1+W8="}},"W6tbMjEY9s3rjEKwwDc8NIwrNqT0KDtmDCnHCQXZcL0=":{"valueMac":{"type":"Buffer","data":"FoRtqCHnQbSge0ymqUWrl3tK7QsOc8o2zF3+uEKMc5Q="}},"OrwRdqIgmA6SpD128FfPSpqpgqnulSVgX4n0krzFBgY=":{"valueMac":{"type":"Buffer","data":"ALXobJEDfGWjdI0eTVlowZynDPhQkcvhI9/Mz7mFLdQ="}}}}