{"version":21,"hash":{"type":"Buffer","data":"h2lxH3z5wlN/PNM00rNY2E4mF3QfHG7aB/ZWXrOCxoTqdNSh2QLI5ei+9r62vFiF8GZD9lgvu3LbYQ71l/MV0DNVXCJH3s4+C2BT3T/yRm3f04AHzdhafyWzAUU6gSr6JUZ5YmHutDYpclj5Bow5UI1yfhbLK5wl66k8BIylkC4="},"indexValueMap":{"JjgaYcN/jCfpoPOTD2Bea6xCMnpL90eXNOSIJMV9woU=":{"valueMac":{"type":"Buffer","data":"1WfIVicFuQXt1tfYg9BibaR4oPG/RhQuZiSLIxobfRQ="}},"OQquyxuOw3DEYOj38nmbiY+d4T2ui1US0xrDmM81uNo=":{"valueMac":{"type":"Buffer","data":"AXsiwAnBg4szcuJmEfnAtBcuRIeAHTOI+PfrHKMhpIo="}},"XeQF9eL3/5lrXkA0KKSWnoLWMmF6zMm2ARypdarXUOg=":{"valueMac":{"type":"Buffer","data":"Y1nrCPAIDb0wUQ+eEF7QaJ1X2SFPR4ydew7dy3yiUMs="}},"Yk6XOCW01Cqkzoske0HojSTlRR7yjg2oCpUjgO/WM6Y=":{"valueMac":{"type":"Buffer","data":"Pwnz9gqcVbvpFQCiPc9+t19hMFESpAT8B8+My6VXXww="}},"aHPXoscvtf9aDVDdXMrpY1MMFPmk3LkvsyA6dsvw6EA=":{"valueMac":{"type":"Buffer","data":"2esjcGlVDjm25xGTdvZg4fdtOgDDsDyLA8eEuVq3obk="}},"iMnlSwfubCbjge41Awa9C0EAHecxU94ti415qlDdKnI=":{"valueMac":{"type":"Buffer","data":"QVyM9cSlYFBTsi8knMDbasCJyv1f2HgJglfYZnGqijk="}},"o50+N6fiaMH1b6ctrsu7olx82CxNkZ7ih67u2OrUM24=":{"valueMac":{"type":"Buffer","data":"TxFFeMaqJd72nopywJb6JGRuMXljgfuddC95v2rF78o="}},"0lR5Fjt0OWnj9UWq4MpsDUdbQ6FVSfFkK0vcXifjdeE=":{"valueMac":{"type":"Buffer","data":"QXlFIOJB/WyIteCSYQfcJPNw8VMoEaKjeHSSaC2+Sxs="}},"3lHlSREWGfrJIEBss6Nv3olg9x2Wh8O2m6BYISSy3uU=":{"valueMac":{"type":"Buffer","data":"N2ic2yFpnomsa9603Ge0TVsWbztEJEBg+skWY6ACHEQ="}},"7blCe96hsUYjOfvB9vnU8PNOc/1hTnpTqye5x4o8Bc8=":{"valueMac":{"type":"Buffer","data":"Lb5XM1H0206z6xkQ4zExSgNHeS1T150Rnr7V23jP1Wc="}},"+QOduerSEiG+npMhKqATK7QJWrhHfI1G2wsubKlFjcY=":{"valueMac":{"type":"Buffer","data":"6aHJHfgOHs2hF15D3y5fnA5P09sXKGoJjnENEhJl/dI="}},"u/Fgya17vSLDLPOqC+NNmqNCg7CBUzLM86TdxSnm+eo=":{"valueMac":{"type":"Buffer","data":"MP+p6yHU17Ko5VMM6/cjSp/RLnyt7TTD8VGm7OzN5AU="}},"dKbCR03XH3HajuHdwd42eu46jJQ57RrkfhwErvBZ4ls=":{"valueMac":{"type":"Buffer","data":"/EiYjJWmxAVWVXNo4Fr0kNz4p7z2dja3DXiCWw5zy+k="}},"QYobaaUNTch8JPq6wasiDX2Q8qI7eGxvNBi3c8M6QFs=":{"valueMac":{"type":"Buffer","data":"Rt4GgvWDb0IQSrvdrrlVbi0vDZ8KkTLBvorqZvNMO0Y="}}}}