{"version":21,"hash":{"type":"Buffer","data":"Pw0OWnpuCiKgVw1vQTUDb2TnvIabMD/2j9qiC834M6kr7CExWXcmeufM2R5mvH4+y4/jexiA9Tcm2wBraww49diZPvrlo/amoy5IWKlkPYWgUW2unACT55c7K+3qxIbGeAMeEbbdNhsbTxv+GATSt92AA67uZ6britL+Qda1uD8="},"indexValueMap":{"AL1NjBguMsjWsVOPR90CyD1+gFOT/H2gvFMtn9/kObI=":{"valueMac":{"type":"Buffer","data":"UowdSfhLEReHtOJ6/oYvF44sBb2LpIR3/uBJwyNCy/8="}},"AYOboXpbKdIiXGtrTJeb5Rhu6A61gGmcD88pGCGd6CY=":{"valueMac":{"type":"Buffer","data":"mpyUpb5Gqiwqvw2fhF3wSRoPNP4kucHFOg8aLhe7L2g="}},"AbWE4wn+9kkU0j56mMPfQvaZM1TfrAthbl/D1vCLSxY=":{"valueMac":{"type":"Buffer","data":"FNkb98Ah9iDTs1MORD8/fDUjt9tYv5sZvrhLzLQZtck="}},"AhT1ZjJWutHhq8KbLbN9JJB01389sf3cSEngDfl1vSw=":{"valueMac":{"type":"Buffer","data":"l1A39Cr0uI13aTD1UMrR3rmtWE1SugJFpbK5csvre1k="}},"BsHVTsjj2m/BwktAiqjzOXCn+6X6hq66CuQoYZ5cpbk=":{"valueMac":{"type":"Buffer","data":"xKYc+E/OXltc/ZPmr2GIWXSU78SmU5Pt+5IBlepo/hE="}},"CaKneUCEhiZ6FwZtZ8OhfW9fZNksqKpizN6vKOAZFME=":{"valueMac":{"type":"Buffer","data":"zj/RX11ViVfd9LdQXMewGlpQAVfLRs2/SudtwhvMl90="}},"CdeXKUqvUebedgeelnZAMrxfXlJb0e9c9LUcmbIsmIM=":{"valueMac":{"type":"Buffer","data":"TzvQnu9x9xjEEBP6cr/AkLvEOabm1m4HaSl/szStUd0="}},"DHwrJNmIZ3GDdBqAiw0R+bqRWDKM+EwAMt/IsDKMfK0=":{"valueMac":{"type":"Buffer","data":"zHbgNWV7LVb/q/I5rBQkxnYHEQwVXBH1CwkT+BYuIJw="}},"DfTCJtkIgbydu0h/O5xf6Qlt1P7ER+FqXOyatyrVQvw=":{"valueMac":{"type":"Buffer","data":"kaVG5fm6NKYurzd5S5lkvqnfoeLqD797j32AjOTvFLM="}},"D5k518/nqu0yeBu3p5tT6Vd7Qk3Mj+R4WCIwY8ORX7g=":{"valueMac":{"type":"Buffer","data":"jYVzqE5TwO3k7BhGX4ybqCBeWhdcpo8cxUYL/LN2oc0="}},"HEDEDkwAiCDk8mqE1s2uu5J8tkvbZB8Kf3Ma0hipCmk=":{"valueMac":{"type":"Buffer","data":"NIYBH9GHOSvlZwBbPapHmiHf0jklomOfBa02CVOiDh0="}},"KNPJsiRzt3jh2SvbuVHGW0Ahj2mSyMoNWOpUcQlse1c=":{"valueMac":{"type":"Buffer","data":"VZrbNWhI4Rr1X+fP/r0HjU9NfVsk4JCEJItqIRm9lww="}},"KiX7AqOh5HY7PmiS9m2YT4n1P7zTzUfTnovpFnkBHXA=":{"valueMac":{"type":"Buffer","data":"l5/n+VtAdd+rfhxw16m/PXfj/2r10btcWV0s3OVbVWg="}},"LDNZACk7/PJ3oOvBZ2M0ivPbwFz2AJvOr8ugNCJOuSI=":{"valueMac":{"type":"Buffer","data":"NAnW8sLHuq+hHTA+AuK6JKwh736it7SBs65F3B2FjWE="}},"O1u4YxksrQFxw9dCJIQunT9MTF834fRegDNBuvYwr8U=":{"valueMac":{"type":"Buffer","data":"vu/vdHd8sVjCVQgwZ5dMSzDI2RWV81gaHsQm3gQLFdw="}},"PAYFova618Lw0uwh9h56oKShc3KQRzi7tN+qeFstWP0=":{"valueMac":{"type":"Buffer","data":"lnkNg/y/edSPLqZOeFCO20c0zIDGaZVHkYr1fXNg+eI="}},"PQvXORyBPjGLq/0fPoAm0BCV6lTBdwSBO9vP6tM1UrU=":{"valueMac":{"type":"Buffer","data":"Lb1dX2Zqa84eBDSdJbecsKoVCmAz5pG1y1A09g0cCdo="}},"SVv/B34Pe3DFDkqYDVdXKqgYK5bq80KidWCbld03Em0=":{"valueMac":{"type":"Buffer","data":"UltC/BA1JBu5nKM4GYIjy4f7VKhioRpxgkxhj5l1mPY="}},"S6MLhBr9dACnqG/iC4yNM+yd1rF8V5+cV5YNiPfsVi0=":{"valueMac":{"type":"Buffer","data":"VfS8p8XwiqtWs5C7rpskoXIVngvqAfJZTfCWuCpjiC0="}},"Wj1OReXNkXQequ+6C0Ta5O4SSvtn50be0mktM/gNv0U=":{"valueMac":{"type":"Buffer","data":"BKBysZOykNP04bAxitNAlnZLxlQ/AITVDUlbowKHQBg="}},"WlHpSzPJi/2TnFFhqtm3KjfvvyfCjcdmRzaSirl+yZ0=":{"valueMac":{"type":"Buffer","data":"wwjmftrZ9ezwmXN1XgG2Tm16lWytvsTuH9KLIsZgIjg="}},"W2zUG2Mp5OGAey7O6JNsbb536uG0sjvawAKviH7MPJ4=":{"valueMac":{"type":"Buffer","data":"yXZPcpjnSmxyXSWJ+d7SYd1sr+HfhknKSxG6hzzojK8="}},"XZQyyMhmQvX7Zh3vmkIKJt6MvutTPzxIOt1hpoJDZHU=":{"valueMac":{"type":"Buffer","data":"mA/PhiGeTc+NnJSIqlGvZzyMsa0LDydMcRCjwfwjEeQ="}},"XwVKiTV7Xwnrm2Ek/MImoE8mqzQvSv+t1ChahzvrJ5k=":{"valueMac":{"type":"Buffer","data":"QysC2HLl7+/BfkdSix+Z6Zuh1kNnvNDBd9Pf3QtWSvo="}},"YAlTqyF5vySXAdwj3LpX72mw7B823oQm7+L+3WEirWk=":{"valueMac":{"type":"Buffer","data":"lpFAJJoIzuhHWLOlbDGrNrJWt6Lqw2s6NJTOEw4mqHk="}},"YJJV3N3gfs98DNfOypNNnOTDvXb1VqYkHRslL5yeqws=":{"valueMac":{"type":"Buffer","data":"W73h97XD4q6MPrKgSlZkfO1+bUeTlND8U76kmkA14ZA="}},"ZV+Ntiia9jgHXFgfOJmHEH5//LJf98+JwQPoLAVSREk=":{"valueMac":{"type":"Buffer","data":"tooXtYW6dx2ONQBYn7VsoJ6PFfny16OXQBS5CJxCggI="}},"Zt/C0U7YPVDldbkfPhRpBdcYzUkjlLsP7oDdRywzhb4=":{"valueMac":{"type":"Buffer","data":"pxSUUtUnhRnsyIQl9pf7YRXn9YRx4UscOq4UBOBZXFc="}},"aOBi/z6jvPerP7Z0npQ3kg8QlSfPfkw/ErN/9q2+Pj0=":{"valueMac":{"type":"Buffer","data":"GYf7E+VKPXDZ4CUt73liGQ9WWEBhJwRKNzFUal89cn0="}},"ak8v9EnPmE2ryeN1c60WrHa2Fh8/1wCqGlwbCDXNFeU=":{"valueMac":{"type":"Buffer","data":"LwW8JXJ7yzxRx7WC4UXiKGAYM4jGZ3Lqhgmws0Gfrxw="}},"cigFCELnA3YOH5Y/wEl0wysUBakOF8wbnfm/bEoRROI=":{"valueMac":{"type":"Buffer","data":"Ng3zUXusiYt6WkpOiYK1B9oA6Is8D43+KvLX5SJkf5o="}},"eQwmn8+C3AKnW4QXRY+OKt52R+tt/gHl1jGJHV7bGUs=":{"valueMac":{"type":"Buffer","data":"XhTgxlW+V/wHK4igxc+1+xAjMc6s0nJ6gUJ2ktOhqII="}},"egfBCLbIWrXUtOJOvDeXGD3ishlJ180Pv5Uv2v/rj7A=":{"valueMac":{"type":"Buffer","data":"kmfsSlV7SU76udAnsaihvEZ57ULNvhdPu58f/QWOkpQ="}},"ep2Mk0mM99BLfxd8CIxaN6B0oDgfuyar+GC/iwI7AzY=":{"valueMac":{"type":"Buffer","data":"2OhmbqN0j6KT0M2LeMFBuiMqNruCsb6xnOGrd+VXXVc="}},"gANw1wCxqdD88GPr9XMPLaYGKo2wBRoirG61pPlzYEk=":{"valueMac":{"type":"Buffer","data":"iVGE0QEcPfPdMCDhi+dxs9YOyl6T0zu8za7H/P/0SEk="}},"gHNAYy5foOAVQMWFSW+KKedET8RTtlIYlMqBhUfF72g=":{"valueMac":{"type":"Buffer","data":"0sc4LVH9AAc6BbSmmimz0hKZ3o8fTNWd5HP3Fq9exXw="}},"gQu8fW88cRVZE3oTsMcUH7yTGIDckX5is9RrZ/RMbMA=":{"valueMac":{"type":"Buffer","data":"Rivh3iSzk6S4lCoilixMzpfDljq9HHJEt8PW6rzR6jo="}},"gu60OSDVIHfr9cnHwKGxQJcfhwknbjn4Wccjn/0gMBU=":{"valueMac":{"type":"Buffer","data":"Gz5EL8ZUXaqjwSu4hRi67T1UYcksv/yME68Z9YWfJQc="}},"i0rdUQ0KR2Zta1sEglCkz5FWJXUCdE06Wfv115GbLug=":{"valueMac":{"type":"Buffer","data":"l1bxEzvYVh8+4+4VotbtbzWmkGCCJWiWkJrgWOHI5YA="}},"kapEorBVXZ8E25wVIJGCEsgsKrSvdLTDK64cAIYEZD0=":{"valueMac":{"type":"Buffer","data":"x+AdjmwAtEs652L1QJp964DeerkQegdskkDjwccZW20="}},"kiJsEWBj8sX8hNq8XnyTU1xwOyMhZuVpyxstHsg/7io=":{"valueMac":{"type":"Buffer","data":"7kNZ1/DNmtI9nwOQNH2BhjOQ5po80Vix5ECAlgsvuKM="}},"k0wv8dZFK7npP3dD3ru4EdEwu/+ycdnLJuj4udKR7VU=":{"valueMac":{"type":"Buffer","data":"ST0XqM1eVgzRvIzc3M889Okhcrq+fvDwk0M6XQDLM/s="}},"noucqouMiJy2stBO8JOJaWJJ/WhiqH3k8ZB0dz/rVYY=":{"valueMac":{"type":"Buffer","data":"jKvvCNFpClRJEhyjkA01yzQzLyo8b8sL34w2+1ltsJs="}},"n5Xt4lvraUio0YqEuoKzX3mN/0eMXLKOquZOsJtRhqk=":{"valueMac":{"type":"Buffer","data":"t2tvn1Pq3bX55VewRKQkN+gByx7u/j543Spok047WeM="}},"pOCDLeeXwgwhvyNu1O4Dqzh7cGSkuhENRf/gTrAw44w=":{"valueMac":{"type":"Buffer","data":"gnF6ur2OJgE6DeJxN546xdIZK60lZBRkCQkvntEh2sE="}},"qI4Elcr8Ng+XaR94m0AmUBbjsxPMKyPRPyLcGfe7m0s=":{"valueMac":{"type":"Buffer","data":"WTXMExdHiOwVy5yKvXIIEBqaIJEvgl159oaOq9U2M/Q="}},"qsdWNxSoiYovm6f1RKEkt0b2TDZYeBm+TxZCuRIsc4Q=":{"valueMac":{"type":"Buffer","data":"FqeGI0ZAtCHjQVufbh7AucKk6aG39AT6Z4jdEkW3b6U="}},"q7hSoi13XuZTZ+M0J3CY+F/knNUY2ZyCKsWtGdXoxNc=":{"valueMac":{"type":"Buffer","data":"h7CYfRI9KhoM+/k1Z9mfCCD3ftj4YTRTvONXgWV8kz8="}},"rLY14c3zAqxT2MHfNUu2oeOCAHlJaIHuJr+yEJk3Q0s=":{"valueMac":{"type":"Buffer","data":"76NwH65DcLN1gPJfbwm+bDkqWvkZgMNYtF/RnpEKS5c="}},"sCVvK0DSohecoidsmEjL/DlqABnO5GKVwsXBcTmgJ8Q=":{"valueMac":{"type":"Buffer","data":"aAiOjppJuFOLtlFu++AYB3IaD9vmkEUKNxVT7tGwf4s="}},"sz6wD3E7d1QLKGQ4z0Re5FaedqImZDQcj/JYHvHH6AM=":{"valueMac":{"type":"Buffer","data":"9DkzP1j097PaVxvH0eEi7U7GvHzgC9bWmiZJoD8lb3s="}},"s53kZc+DUyYEa7tC+AZPMYu238tuZI0XPkLo3oiZbdU=":{"valueMac":{"type":"Buffer","data":"TDO7QTq7bgj8ewl4pM8upqUKNR2HfGhlE+eJhOM7/uw="}},"tFzSJj0MTmYrj+27dMn963JXt1WAYBngzI9txDcQyvs=":{"valueMac":{"type":"Buffer","data":"NzX/CzJP2CEEYAGKcleccCGTmFSYNzmXa0Clb7ipGo0="}},"tNUES4dDS/Y5FmN5WBgYn6osJ5VGGDkBdiZbRhJYX5U=":{"valueMac":{"type":"Buffer","data":"KcinW/qY1I0SAzUBdcGWen/m7AmmkNPogYRXiXMDcX0="}},"uveCszoebS1gaUSG4Ifbd6pKhrL8usVrEV2km15Z/tE=":{"valueMac":{"type":"Buffer","data":"USlhh/+1y0o0kGbsn6X1i5ijlvNfJ0yX4Ei+Q1AKl5w="}},"v1oa43kKA3mR5Eczf+RbDttsp4IAfYqfIngX02HiHYM=":{"valueMac":{"type":"Buffer","data":"YaxzOlM/RfL+GiOzOYvaIs3OlrJ0sWXBq9wjxSUTooc="}},"v7a88Vv5SbbiDSDOVcTWuw+tM7t8jryzfhic8kaEK4o=":{"valueMac":{"type":"Buffer","data":"mJ4p//XelixCKyWbIy6ELxjT3jmZKQFLmBDLfigPrFw="}},"xBa0aduFTC0B/hVtwIQNTef5+jtNo0nMoQPrs3iPcjs=":{"valueMac":{"type":"Buffer","data":"XJIXa1yr5Bmm4UzM9wF2Ve4N/eku2ZQEuynVZamYguU="}},"xXDiWDUzOOVecXcPRGh20q0x+D8maCYAyJ7ncz4GR/k=":{"valueMac":{"type":"Buffer","data":"9eK3uFQ98zlw1tbIiz87yBv6InhRywgLkUW9wgeg2ug="}},"yVJYON7VAPdruhbchoCHXWAdafcZ9mnZt64/cnceQOo=":{"valueMac":{"type":"Buffer","data":"r20hygGPbuEdKbnsCFwzreb6mEJ6dFhOPLuaH7RW6j0="}},"yVxJY0e2stZzwrujvf5Ndpc3xmr1H4IgmtVnO5aU/RI=":{"valueMac":{"type":"Buffer","data":"cJPknwmNkzYw6gmxOUmipTRyfatXVARy1EdLJeq6+MU="}},"zAxZdQf5bpUeoycuwGRZ1CblekRtwerHly9cFHkml7k=":{"valueMac":{"type":"Buffer","data":"3lgDY/itRASBcrBjDrTS28kq5fChER9DBt38Cjc27r4="}},"zlmG6A7b5082me84+G35FpGJnM4nRDdyS+mfkMmOxbE=":{"valueMac":{"type":"Buffer","data":"L41/vBQHID3M3AjfICi0wF+1JwILT6aAzmUH+bcf5E4="}},"1MmKeSkif/Cc+7vaN9jiUjf7YA7xh1cHiEIdMo/CY1A=":{"valueMac":{"type":"Buffer","data":"d6fY7SGT2AjdSueHjlImYQ/lwzvxIiRKwlXrHboK5LA="}},"13ZaJuon3Ednap4dlBBC/c5dww5wkZe9I0qwkvcRLDA=":{"valueMac":{"type":"Buffer","data":"9smZTyt/C5ioT0BK50JEdnodkM6KmjIOjLMNpmzxJdw="}},"2TCkvzlYJmJ4D6Yxxd27ju96OfNiD9CpPnMJROcuVtw=":{"valueMac":{"type":"Buffer","data":"5Amz1hjc8vRTwcBL6ceqE/Nv2UB1o8MG4iwmMX/nBHI="}},"2eUjY/lq+fJyDqnuwADJgEkUvlkCPTxfkA0KBG/NldA=":{"valueMac":{"type":"Buffer","data":"Yfiz1Wpv8ep78F7/bxnuO6ZmRg7YH5cIlGv9s/VdpyU="}},"3QLCg7bPinkaI5x18Ar+RiPnVQk8RaoLMhNHtlg11Ks=":{"valueMac":{"type":"Buffer","data":"mapBSzjj2yt5wNxBFskpr5xkHvz7tdNGcyjtloY+N0Y="}},"4w9TvBhjsL76wjieMapRN+C7FcDLSKnl0mAnOs7Bt7M=":{"valueMac":{"type":"Buffer","data":"6ptJJUVFoKt+UBXXg4vTukiqtr0YCqrc6Z8xwfT4Oao="}},"55nzbzh7qw92KkkLkopYsTD+KHtgXhCWTLwEA0+2EM0=":{"valueMac":{"type":"Buffer","data":"sEUsDuD89sL3oLF321RDAV2SAZxSERzp3ylwwOxoS9w="}},"6iNVZI2Oeeo8eDRg41C4IXVlJt/G38AuLJjDKE+huwQ=":{"valueMac":{"type":"Buffer","data":"jsHlI8sWxGMNWi+ePcN1DVCwKPcgX9Ey6+HMrfsVXqU="}},"69813gSmXaBoDtjM11GTuGmEk2lUnyfe7qXskLIFfKk=":{"valueMac":{"type":"Buffer","data":"mFLTTvzxNtIKWDH0QpnSLVuEfg8HvC6RelZiWQDbBoI="}},"8ruYWmERlVbWMajUvB0eEjZauFKRQQ6SPlO9Kmy0yyM=":{"valueMac":{"type":"Buffer","data":"2s+TQX2L68TMvxOvyLTa+Yh2L3JwtPPvaMlMcORPUJg="}},"9S+xScBWMS0pLkKvjtgUjWYwAuKvHKl17/fw/zdXMS4=":{"valueMac":{"type":"Buffer","data":"tHJ2kcsDI5MRJeICLgXa1odpdUu6eAM7c7skDDCLRSM="}},"iUwAoyjYMQMuJHFZ3jV2TehDl4uheQAcANhXMaFkAOs=":{"valueMac":{"type":"Buffer","data":"9KsQpx31QhyR+ULiGPCNiNJ/3W6WubbkcSjuACMs9kw="}},"2+hpVBEnKQRD5Ucc2fdHDQiwshaYxgV71AskuK7JSgI=":{"valueMac":{"type":"Buffer","data":"lFCbB2hlMkIX9+J7ncispnvPru0IQ4yPlD5S2cTmJQo="}},"22n1uRr7eaxcuegr6sgbZyutb2pBNd+d16SMoCa4tgE=":{"valueMac":{"type":"Buffer","data":"hxiil+ReZvDA7YAxXSIDg9ns+H9VTQhqMm+o8ACq8qU="}}}}