{"noiseKey":{"private":{"type":"Buffer","data":"8OVKVGc8kl8cDH7x3gWbNbQbGZAuHa7VMucqDhoiyX4="},"public":{"type":"Buffer","data":"Z/7ny3OOtsLWuIAz0UhVx+gXFmNkTSW6IE0J8R6o5gU="}},"pairingEphemeralKeyPair":{"private":{"type":"Buffer","data":"OF/raBBOi11grlc1YQMqxB63RBRrPL1HYqRqum4TF3c="},"public":{"type":"Buffer","data":"cdc7PdRm3auW4FffSVcM0e7tOW4qTLhNJAwj7j25EiA="}},"signedIdentityKey":{"private":{"type":"Buffer","data":"4DdkdYVNqLsYX2Gpu+fKMmPKdp5h5SZHBn9MSnmai2A="},"public":{"type":"Buffer","data":"GvMjFwtLbcWmgLeOxgN0pKfEAHfgsVEiEh5VIwKgDlU="}},"signedPreKey":{"keyPair":{"private":{"type":"Buffer","data":"QHzrMhbJuaRLB89fD8+O7p+GFaHxrUHIz2wHuE5a6XM="},"public":{"type":"Buffer","data":"CU6Td8tNgcC9UpfINyw8hsVSwmdSxkYFxufx43DH+g0="}},"signature":{"type":"Buffer","data":"2T6SdlSKmADEMAky7TZ02neTloUs4Bc6XWRN7EmVCl3LIL8ObFyqVEIBDkvGm0PRn3sOCnySULtUTL0KpD9cjA=="},"keyId":1},"registrationId":21,"advSecretKey":"M0smyhnqq8P3WqDP+0mrnavrI2gPzMAX1edNXZEbpfc=","processedHistoryMessages":[{"key":{"remoteJid":"94763956621@s.whatsapp.net","fromMe":true,"id":"D8F7FFEC96943829F833397629AB0B50"},"messageTimestamp":1703116985},{"key":{"remoteJid":"94763956621@s.whatsapp.net","fromMe":true,"id":"19C36B6FC9ADE5497C279BCEA6EA02EC"},"messageTimestamp":1703116985},{"key":{"remoteJid":"94763956621@s.whatsapp.net","fromMe":true,"id":"C09FA7FCAC9149C46D17B23C796EDB54"},"messageTimestamp":1703116991},{"key":{"remoteJid":"94763956621@s.whatsapp.net","fromMe":true,"id":"7101EB209A6965A0B6AB7643F5CE5F63"},"messageTimestamp":1703116992}],"nextPreKeyId":31,"firstUnuploadedPreKeyId":31,"accountSyncCounter":1,"accountSettings":{"unarchiveChats":false},"deviceId":"Li5EZMBvQb2-qa2ndrbJzA","phoneId":"bff547f1-7442-49b9-85b0-dbf5f3a2d51c","identityId":{"type":"Buffer","data":"oXenREpATHCrxPzNCOjOsEcvhJo="},"registered":false,"backupToken":{"type":"Buffer","data":"5eWghV1doFejkPDQN25kDg3LKng="},"registration":{},"account":{"details":"CPS4iFMQtYGOrAYYCiAAKAA=","accountSignatureKey":"AOFTD1RX5jxJRxp/X1cmPRuy/jOFGGjBJnFuS3j1fFk=","accountSignature":"DkRUTDcRs5MhReowz6bdH79L7PZUKhSr7Mvvn2aVvqcHK13A3mDpkr54IoHpXfOipPc0650/uI9/Uxa2F07+AQ==","deviceSignature":"bgKfKJMWnk+c9RMdXRCAyj5l8dJLni19vJQSkgzcigIB0u1GdjwfRfDNXdGzUt9selXtT/6AS+2d9PrSQE1rgQ=="},"me":{"id":"94763956621:23@s.whatsapp.net","name":"no name"},"signalIdentities":[{"identifier":{"name":"94763956621:23@s.whatsapp.net","deviceId":0},"identifierKey":{"type":"Buffer","data":"BQDhUw9UV+Y8SUcaf19XJj0bsv4zhRhowSZxbkt49XxZ"}}],"platform":"smba","lastAccountSyncTimestamp":1703116984,"myAppStateKeyId":"AAAAAPKq"}