{"_sessions":{"BRrgl0dYoP/zZ9F0/X2+n/32i1FQCrwWB/PdjjKpeSR8":{"registrationId":2749385,"currentRatchet":{"ephemeralKeyPair":{"pubKey":"BTbLU8MApcQl+9Ej7XKRAUt+8KZObj8wqePCHZZFC9pg","privKey":"2L/sIWHiOcMl33lurJw74LKWNr/ulPioyUVVP1gswHQ="},"lastRemoteEphemeralKey":"BYco5CHdemtZ+lgDsqYcTfH8qal7Uu+0eFfjf09y0E9z","previousCounter":0,"rootKey":"KAUhfT2tiNXdIjwejEU00MwcOBsT3jGdlg//v79192o="},"indexInfo":{"baseKey":"BRrgl0dYoP/zZ9F0/X2+n/32i1FQCrwWB/PdjjKpeSR8","baseKeyType":2,"closed":-1,"used":1703116984887,"created":1703116984887,"remoteIdentityKey":"BQDhUw9UV+Y8SUcaf19XJj0bsv4zhRhowSZxbkt49XxZ"},"_chains":{"BYco5CHdemtZ+lgDsqYcTfH8qal7Uu+0eFfjf09y0E9z":{"chainKey":{"counter":7,"key":"CjYKJlYOqB1SGEe2AEdmbktZFsbeqq0KU9tM/LWcyj8="},"chainType":2,"messageKeys":{}},"BTbLU8MApcQl+9Ej7XKRAUt+8KZObj8wqePCHZZFC9pg":{"chainKey":{"counter":3,"key":"ICPbZdOAoGbCa3d/uR1ciJ+1q04MjuQPJg/KaBmkojo="},"chainType":1,"messageKeys":{}}}}},"version":"v1"}