{"_sessions":{"BfSxwc0/h5NnjTslL00g7ewge13RZV/exnlvtnUSeMsX":{"registrationId":84,"currentRatchet":{"ephemeralKeyPair":{"pubKey":"BY+Egf48T3jFAjHsT6djO/kcRttwKWft/hm6mI3WwSFG","privKey":"4FUCBye5K0flPcibdq91ZQOGczJrAFfYfbptEOB/EGI="},"lastRemoteEphemeralKey":"BbpgfhpWIhiRjHLPDcbs3up8lO8qY/Raby1DS+2rJSsf","previousCounter":0,"rootKey":"tGpI85mefpCYcTAXXHpW85Gj7eLm/DbGcxAoY3f4GbE="},"indexInfo":{"baseKey":"BfSxwc0/h5NnjTslL00g7ewge13RZV/exnlvtnUSeMsX","baseKeyType":1,"closed":-1,"used":1703116996658,"created":1703116996658,"remoteIdentityKey":"BQs+xZpWno5mmqilG6Cnk/k9blfqwQEi1fC5nDkTpCtB"},"_chains":{"BY+Egf48T3jFAjHsT6djO/kcRttwKWft/hm6mI3WwSFG":{"chainKey":{"counter":1,"key":"NphF+Y7Otxw8c+EK1PZ0mQPHmV9Ulqf0x4nzzvTY09g="},"chainType":1,"messageKeys":{}}},"pendingPreKey":{"signedKeyId":1,"baseKey":"BfSxwc0/h5NnjTslL00g7ewge13RZV/exnlvtnUSeMsX","preKeyId":58}}},"version":"v1"}